tc,uw
Allah,Nerka Allah Creek
Bear,Aleknagik Bear Creek
Beaver,Nerka Beaver Creek
Berm,Nerka Berm Creek
Bug,Nerka Bug Creek
C,Little Togiak C Creek
Cabin,Nerka Cabin Creek
Cottonwood,Nerka Cottonwood Creek
Eagle,Aleknagik Eagle Creek
Fenno,Nerka Fenno Creek
Fifer,Aleknagik Pfifer Creek
Hansen,Aleknagik Hansen Creek
Happy,Aleknagik Happy Creek
Hidden,Nerka Hidden Lake Creek
Ice,Aleknagik Ice Creek
Joe,Nerka Joe Creek
K3,Kulik K-3 Creek
Kema,Nerka Kema Creek
Lynx,Nerka Lynx Creek
LynxCold,Nerka Lynx Creek Cold Tributary
Mission,Aleknagik Mission Creek
Moose,Beverley Moose Creek
NerkaBear,Nerka Bear Creek
Pike,Nerka Pike Creek
Rainbow,Nerka Rainbow Creek
Sam,Nerka Sam Creek
Seventh,Nerka Seventh Creek
SilverSalmon,Aleknagik Silver Salmon Creek
Sixth,Nerka Sixth Creek
Stovall,Nerka Stovall Creek
Teal,Nerka Teal Creek
Uno,Beverley Uno Creek
Whitefish,Aleknagik Big Whitefish Creek
Yako,Aleknagik Yako Creek
Chauek2,NA
Chauek3,NA
Chauek5,NA
Chik11,NA
Hope,Beverley Hope Creek
Pick,Nerka Pick Creek
Upnuk13,NA
Upnuk14,NA
Upnuk15,NA
Elva,Nerka Elva Creek
Silverhorn,Beverley Silverhorn Creek
Chamee,Nerka Chamee Creek
Grant,Kulik Grant River
KulikCr,Kulik Kulik Creek
LTC,Little Togiak Creek
MooseSpit,NA
N4,Nerka N4 Creek
Squaw,Aleknagik Squaw Creek
Youth,Aleknagik Youth Creek
